<?xml version="1.0" encoding="UTF-8"?>
<!DOCTYPE hibernate-configuration PUBLIC
		"-//Hibernate/Hibernate Configuration DTD 3.0//EN"
		"http://www.hibernate.org/dtd/hibernate-configuration-3.0.dtd">
<hibernate-configuration>
    <session-factory>
        <property name="hibernate.connection.driver_class">com.mysql.jdbc.Driver</property>
        <property name="hibernate.connection.password">root</property>
        <property name="hibernate.connection.url">jdbc:mysql://localhost:3306/library</property>
        <property name="hibernate.connection.username">root</property>
        <property name="hibernate.dialect">org.hibernate.dialect.MySQLDialect</property>
        <mapping class="infinite.hibernatelibrary.Books"/>
         <mapping class="infinite.hibernatelibrary.LibUsers"/>
          <mapping class="infinite.hibernatelibrary.TransBook"/>
           <mapping class="infinite.hibernatelibrary.TransReturn"/>
    </session-factory>
</hibernate-configuration>
